date,region,category,customer_segment,sessions,orders,revenue,average_order_value,ad_spend,mobile_conversion,desktop_conversion,refund_rate,support_tickets,inventory_score,shipping_delay_days,campaign
2025-01-01,East,Beauty,Returning,1397,30,2936.4,97.88,796,2.41,3.22,3.26,11,96,3,None
2025-01-02,North,Sports,New,2938,62,7433.8,119.9,742,2.47,3.03,2.49,35,96,3,None
2025-01-03,North,Sports,New,1745,53,6324.49,119.33,1686,3.39,4.19,2.31,26,83,1,None
2025-01-04,South,Books,New,4116,139,16667.49,119.91,757,3.56,4.31,2.24,29,88,1,None
2025-01-05,West,Books,Returning,4453,120,9210.0,76.75,1236,2.38,2.99,2.14,15,92,1,None
2025-01-06,North,Home,Returning,1875,65,10526.1,161.94,1901,3.13,4.2,1.01,22,74,2,None
2025-01-07,East,Books,Returning,3634,92,4029.6,43.8,2534,2.35,2.82,1.53,27,88,2,None
2025-01-08,East,Food,Returning,2780,96,5160.0,53.75,1921,2.98,3.81,2.13,11,70,2,None
2025-01-09,South,Toys,Returning,3233,114,8592.18,75.37,830,3.08,3.67,1.17,18,75,2,None
2025-01-10,West,Books,Returning,2758,82,5038.08,61.44,1445,2.59,3.15,1.43,20,74,1,None
2025-01-11,East,Electronics,New,3389,102,13571.1,133.05,2012,2.9,3.39,3.12,35,89,3,None
2025-01-12,North,Food,VIP,4394,118,20978.04,177.78,2790,3.08,3.55,2.51,6,82,2,None
2025-01-13,West,Beauty,New,3660,106,17148.68,161.78,715,3.45,4.23,3.36,24,73,1,None
2025-01-14,West,Beauty,Returning,2622,71,5695.62,80.22,2966,2.47,3.46,3.48,19,81,2,None
2025-01-15,South,Home,Returning,4232,102,13776.12,135.06,1584,2.56,2.98,3.37,21,85,3,None
2025-01-16,North,Fashion,VIP,1572,72,5961.6,82.8,1569,4.2,4.85,1.4,22,86,2,None
2025-01-17,South,Sports,Returning,2841,89,6459.62,72.58,1428,3.28,4.19,3.47,30,76,3,None
2025-01-18,East,Food,Returning,4161,89,11168.61,125.49,1931,2.38,2.85,2.07,15,100,2,None
2025-01-19,North,Food,VIP,2609,66,4018.74,60.89,847,2.46,3.13,2.72,11,96,3,None
2025-01-20,East,Home,Returning,4156,128,15445.76,120.67,2121,3.84,4.3,1.23,9,84,2,None
2025-01-21,West,Beauty,Returning,3640,116,14987.2,129.2,2442,2.54,3.32,0.86,30,91,2,None
2025-01-22,South,Toys,VIP,1997,51,4883.76,95.76,1364,2.67,3.42,2.86,15,70,2,None
2025-01-23,South,Electronics,VIP,2649,107,11995.77,112.11,2376,3.99,4.75,3.03,33,91,3,None
2025-01-24,North,Food,Returning,3692,83,11117.02,133.94,516,2.58,3.31,2.76,22,94,1,None
2025-01-25,West,Home,VIP,1432,36,6023.16,167.31,1517,2.29,2.76,2.02,5,76,2,None
2025-01-26,West,Books,Returning,3270,123,8721.93,70.91,2982,3.72,4.44,2.24,20,86,1,None
2025-01-27,East,Sports,Returning,1761,49,3866.1,78.9,2206,3.17,3.62,1.45,7,73,2,None
2025-01-28,North,Beauty,VIP,3835,140,22864.8,163.32,1999,4.14,5.22,1.39,35,74,2,None
2025-01-29,South,Sports,New,2967,77,8881.18,115.34,2611,3.13,3.78,1.05,16,82,2,None
2025-01-30,West,Electronics,Returning,3319,77,5660.27,73.51,1710,2.45,3.49,1.42,33,86,1,None
2025-01-31,North,Beauty,Returning,1730,69,7363.68,106.72,2229,4.0,4.58,1.2,34,97,3,None
2025-02-01,East,Home,Returning,4475,104,16551.6,159.15,1250,2.79,3.2,1.04,13,83,1,None
2025-02-02,North,Fashion,VIP,3058,104,7235.28,69.57,547,3.12,4.16,2.48,6,80,3,None
2025-02-03,North,Beauty,Returning,1941,71,4316.8,60.8,1326,3.58,4.35,1.36,19,99,2,None
2025-02-04,East,Electronics,VIP,1351,56,2822.96,50.41,562,3.31,4.39,2.19,12,70,3,None
2025-02-05,West,Food,Returning,2810,82,10432.04,127.22,2575,2.67,3.23,1.34,33,79,3,None
2025-02-06,West,Books,VIP,1731,70,6316.1,90.23,558,3.83,4.41,1.24,7,72,3,None
2025-02-07,East,Sports,Returning,1385,45,5144.85,114.33,2381,2.79,3.19,1.78,15,75,1,None
2025-02-08,South,Electronics,VIP,2467,61,4330.39,70.99,1392,2.2,2.87,2.08,21,81,1,None
2025-02-09,North,Home,Returning,1567,30,5215.8,173.86,1089,2.29,2.71,1.62,12,82,3,None
2025-02-10,South,Toys,Returning,4151,175,19141.5,109.38,2524,3.79,4.64,0.92,31,74,2,None
2025-02-11,West,Beauty,VIP,4283,205,26285.1,128.22,2565,4.02,4.83,3.21,26,88,1,None
2025-02-12,North,Electronics,New,3809,125,16712.5,133.7,1977,3.03,3.75,0.94,5,100,1,None
2025-02-13,West,Fashion,New,4467,198,14170.86,71.57,787,4.18,4.64,2.22,28,93,3,None
2025-02-14,North,Fashion,New,4298,157,21059.98,134.14,1340,3.63,4.35,3.08,7,77,3,None
2025-02-15,North,Sports,New,1803,68,7169.92,105.44,1858,3.84,4.45,2.33,5,78,3,None
2025-02-16,North,Sports,Returning,2391,72,12731.76,176.83,2615,3.22,4.16,3.48,22,79,2,None
2025-02-17,West,Electronics,Returning,1513,58,6919.98,119.31,2575,4.39,5.06,3.27,34,100,2,None
2025-02-18,South,Fashion,VIP,1743,61,9884.44,162.04,2971,3.32,4.34,2.7,12,96,3,None
2025-02-19,West,Electronics,New,3213,139,4899.75,35.25,2346,3.8,4.49,1.82,8,82,2,None
2025-02-20,East,Toys,New,2001,60,5238.0,87.3,548,2.84,3.5,1.86,32,98,3,None
2025-02-21,West,Fashion,VIP,2349,71,5733.96,80.76,916,2.83,3.88,1.47,13,71,3,None
2025-02-22,East,Toys,VIP,4319,149,18499.84,124.16,2138,3.41,4.31,0.93,28,99,3,None
2025-02-23,South,Fashion,Returning,3453,128,9308.16,72.72,1021,3.11,3.71,1.49,28,75,2,None
2025-02-24,South,Fashion,Returning,3939,139,9299.1,66.9,2115,3.62,4.07,2.15,30,73,1,None
2025-02-25,East,Food,Returning,3443,86,10112.74,117.59,1288,2.58,3.37,1.66,16,77,1,None
2025-02-26,North,Toys,Returning,4254,150,7987.5,53.25,2646,2.79,3.72,2.14,23,76,2,None
2025-02-27,South,Home,Returning,2217,89,4757.05,53.45,2075,3.18,4.25,3.09,32,82,3,None
2025-02-28,West,Food,VIP,3206,166,11790.98,71.03,500,4.25,5.3,2.23,19,72,2,None
2025-03-01,North,Sports,New,3339,133,5417.09,40.73,946,3.74,4.73,3.22,7,100,3,None
2025-03-02,South,Sports,Returning,1353,42,1898.4,45.2,1744,3.58,4.35,1.98,29,100,1,None
2025-03-03,South,Toys,Returning,4437,170,27735.5,163.15,2961,3.38,4.48,1.55,15,70,1,None
2025-03-04,West,Sports,Returning,1319,39,1823.64,46.76,2186,2.88,3.3,2.15,26,92,3,None
2025-03-05,South,Toys,VIP,2128,52,4022.72,77.36,2519,2.94,3.63,2.64,11,71,3,None
2025-03-06,North,Sports,Returning,2020,47,5894.74,125.42,1776,2.71,3.27,2.85,14,94,1,None
2025-03-07,South,Sports,Returning,3925,89,3784.28,42.52,731,2.52,3.2,1.37,24,100,3,None
2025-03-08,North,Beauty,Returning,4116,197,21886.7,111.1,1786,4.39,5.44,1.69,10,93,1,None
2025-03-09,West,Electronics,Returning,4171,167,14355.32,85.96,2050,4.37,5.08,1.09,7,96,2,None
2025-03-10,North,Sports,Returning,4348,132,8314.68,62.99,1764,2.39,3.28,1.33,22,96,2,None
2025-03-11,East,Food,New,2882,121,5322.79,43.99,1515,3.89,4.32,0.89,7,95,3,None
2025-03-12,South,Home,VIP,2588,121,20450.21,169.01,1986,4.31,5.14,1.51,27,78,2,None
2025-03-13,East,Electronics,Returning,3639,93,6640.2,71.4,767,2.44,3.34,2.06,29,70,1,None
2025-03-14,West,Food,New,3233,92,7482.36,81.33,1249,2.87,3.75,1.21,12,70,3,None
2025-03-15,East,Home,Returning,2804,57,5520.45,96.85,1155,2.34,2.76,2.29,15,77,2,None
2025-03-16,North,Home,Returning,1544,46,4684.18,101.83,1353,3.3,4.2,2.01,12,73,2,None
2025-03-17,South,Home,Returning,2403,61,4304.77,70.57,1703,2.79,3.37,1.5,19,78,3,None
2025-03-18,South,Fashion,VIP,3568,126,6247.08,49.58,1271,3.07,4.16,2.17,12,80,1,None
2025-03-19,West,Electronics,New,3144,106,12939.42,122.07,1446,4.21,4.64,1.59,8,96,2,None
2025-03-20,South,Home,Returning,1928,80,9991.2,124.89,2339,3.9,4.77,0.82,25,89,2,None
2025-03-21,South,Electronics,Returning,1779,36,2968.2,82.45,680,2.28,3.19,3.27,31,76,2,None
2025-03-22,East,Beauty,Returning,1519,54,3100.14,57.41,1333,3.41,3.85,1.07,17,71,2,None
2025-03-23,North,Beauty,Returning,2310,83,7888.32,95.04,2178,2.88,3.95,1.64,23,79,3,None
2025-03-24,North,Books,Returning,2800,85,13855.85,163.01,2158,3.16,3.67,1.11,7,76,1,None
2025-03-25,West,Beauty,New,1411,53,5731.95,108.15,2759,3.97,4.65,2.35,34,74,3,None
2025-03-26,South,Books,Returning,3334,96,7558.08,78.73,1203,2.44,3.18,2.97,35,99,1,None
2025-03-27,North,Food,Returning,3688,156,19507.8,125.05,2088,3.56,4.54,1.23,30,72,3,None
2025-03-28,South,Food,New,2093,62,3901.66,62.93,670,2.54,3.19,1.2,28,82,3,None
2025-03-29,North,Books,New,3655,142,18535.26,130.53,2366,3.91,4.76,1.63,12,87,3,None
2025-03-30,West,Food,New,1214,35,3626.7,103.62,2504,3.18,4.01,3.01,31,84,1,None
2025-03-31,North,Home,New,2963,86,12156.1,141.35,1996,3.31,4.17,0.91,9,72,2,None
2025-04-01,North,Electronics,Returning,2747,105,17160.15,163.43,1057,4.39,5.3,3.0,11,70,1,None
2025-04-02,East,Beauty,Returning,4153,134,20538.18,153.27,1405,3.54,4.12,1.67,24,72,2,None
2025-04-03,South,Fashion,Returning,3166,98,5721.24,58.38,1353,3.55,4.12,1.81,11,88,2,None
2025-04-04,East,Books,VIP,1891,50,5955.5,119.11,1582,2.31,3.31,3.41,19,73,3,None
2025-04-05,North,Fashion,VIP,3779,108,5054.4,46.8,2114,2.78,3.87,2.36,16,93,2,None
2025-04-06,South,Beauty,Returning,1397,47,7749.36,164.88,1713,2.76,3.61,3.46,23,96,3,None
2025-04-07,North,Electronics,New,2391,75,2867.25,38.23,2270,3.0,3.43,2.12,24,83,3,None
2025-04-08,North,Books,Returning,3342,110,11424.6,103.86,1962,3.11,3.72,1.16,16,87,1,None
2025-04-09,South,Electronics,VIP,2197,50,3665.5,73.31,1111,2.34,2.84,2.6,13,84,1,None
2025-04-10,North,Electronics,Returning,3503,113,18759.13,166.01,1934,3.47,4.29,2.2,20,89,3,None
2025-04-11,North,Electronics,Returning,2862,78,4960.8,63.6,1260,2.33,3.28,0.83,22,77,1,None
2025-04-12,West,Sports,Returning,3832,115,4833.45,42.03,2576,3.11,3.94,2.17,7,90,3,None
2025-04-13,West,Electronics,Returning,2988,96,3900.48,40.63,2405,3.64,4.16,3.49,13,72,3,None
2025-04-14,East,Fashion,Returning,2289,94,16445.3,174.95,2768,3.71,4.75,3.42,14,91,2,None
2025-04-15,South,Home,VIP,1262,47,7643.14,162.62,1195,4.05,4.59,1.23,34,78,1,None
2025-04-16,East,Sports,Returning,3783,184,12679.44,68.91,2696,4.05,4.94,3.12,18,85,2,None
2025-04-17,East,Sports,Returning,3597,79,13960.88,176.72,818,2.52,2.94,1.09,34,88,1,None
2025-04-18,North,Electronics,New,4036,133,23063.53,173.41,674,3.82,4.27,2.39,16,92,1,None
2025-04-19,North,Toys,New,2042,44,6334.24,143.96,1332,2.28,3.27,2.99,25,73,1,None
2025-04-20,East,Food,New,1600,43,5967.97,138.79,1339,2.94,3.52,1.75,34,79,2,None
2025-04-21,East,Books,Returning,3665,128,6304.0,49.25,2563,3.56,3.98,1.91,18,85,2,None
2025-04-22,West,Electronics,Returning,2087,58,2483.56,42.82,872,2.57,2.97,1.35,29,88,2,None
2025-04-23,East,Food,New,4047,176,13400.64,76.14,1255,3.5,4.57,2.19,23,100,2,None
2025-04-24,South,Sports,Returning,1650,53,4887.66,92.22,831,3.43,3.9,1.68,8,85,3,None
2025-04-25,North,Toys,VIP,1303,46,5817.16,126.46,2023,2.78,3.81,2.15,17,76,2,None
2025-04-26,West,Beauty,Returning,4290,127,14641.83,115.29,2979,2.97,3.6,1.22,31,90,1,None
2025-04-27,East,Beauty,Returning,4022,105,7747.95,73.79,1553,2.48,3.2,3.19,12,88,1,None
2025-04-28,South,Beauty,VIP,4162,147,20678.49,140.67,1837,2.97,3.54,3.38,13,89,3,None
2025-04-29,North,Beauty,VIP,1616,66,3356.1,50.85,1300,4.36,5.32,2.78,18,82,1,None
2025-04-30,North,Fashion,New,2790,108,8418.6,77.95,2400,3.08,4.03,2.67,21,71,1,None
2025-05-01,North,Beauty,Returning,4223,138,13257.66,96.07,2157,2.73,3.73,2.69,23,70,3,None
2025-05-02,South,Sports,Returning,3827,105,9767.1,93.02,1008,2.89,3.73,1.06,18,84,2,None
2025-05-03,South,Fashion,Returning,3177,115,14938.5,129.9,2364,4.09,4.85,2.58,32,70,3,None
2025-05-04,North,Toys,Returning,1635,47,2334.02,49.66,656,2.68,3.58,3.37,11,78,3,None
2025-05-05,West,Sports,Returning,3297,133,8199.45,61.65,565,3.35,4.04,3.36,11,90,2,None
2025-05-06,North,Books,Returning,2234,56,4819.36,86.06,1623,2.34,2.79,3.27,25,82,2,None
2025-05-07,East,Home,New,4237,170,9137.5,53.75,2140,4.34,5.44,3.39,19,100,3,None
2025-05-08,North,Sports,Returning,3502,106,19020.64,179.44,1425,2.98,3.83,3.01,31,96,1,None
2025-05-09,South,Food,Returning,2143,68,9496.88,139.66,1595,3.71,4.8,2.63,20,92,2,None
2025-05-10,East,Books,New,2436,69,5448.24,78.96,1812,3.14,3.99,2.58,16,85,2,None
2025-05-11,West,Electronics,New,3512,97,16781.97,173.01,1829,3.37,4.01,2.37,26,95,1,None
2025-05-12,East,Fashion,Returning,3569,113,16926.27,149.79,1084,2.61,3.33,2.92,11,97,1,None
2025-05-13,South,Home,Returning,3446,139,7222.44,51.96,1716,3.72,4.49,2.8,19,76,2,None
2025-05-14,North,Fashion,Returning,1770,39,2295.93,58.87,2438,2.33,3.06,1.19,20,85,3,None
2025-05-15,North,Beauty,Returning,3116,98,5995.64,61.18,2804,2.85,3.58,1.95,35,85,3,None
2025-05-16,East,Electronics,New,1387,42,4000.92,95.26,1853,3.32,4.06,3.22,6,95,1,None
2025-05-17,South,Books,New,3899,151,14533.75,96.25,1999,3.91,4.7,3.26,14,80,2,None
2025-05-18,North,Fashion,Returning,3222,153,22923.99,149.83,2153,4.37,5.38,1.73,11,80,3,None
2025-05-19,East,Sports,Returning,2425,75,8556.0,114.08,1022,2.39,3.49,1.88,22,88,3,None
2025-05-20,North,Toys,Returning,1225,45,4028.85,89.53,690,3.54,4.4,2.93,34,76,2,None
2025-05-21,South,Home,New,3932,82,13933.44,169.92,2375,2.42,2.95,0.9,29,90,1,None
2025-05-22,North,Books,VIP,1768,41,4801.92,117.12,1767,2.77,3.38,1.94,15,87,3,None
2025-05-23,North,Food,Returning,1361,53,6418.83,121.11,986,3.47,4.51,2.01,5,94,2,None
2025-05-24,South,Food,Returning,3447,97,13012.55,134.15,917,3.24,4.27,2.49,18,72,3,None
2025-05-25,North,Home,New,1697,44,1859.88,42.27,1028,2.81,3.61,2.02,28,85,1,None
2025-05-26,South,Home,Returning,3483,120,5253.6,43.78,2540,4.25,4.83,3.4,27,84,3,None
2025-05-27,North,Toys,Returning,4187,145,19306.75,133.15,2958,3.54,4.16,3.36,28,75,2,None
2025-05-28,South,Home,Returning,3841,146,17109.74,117.19,1171,3.25,4.19,2.02,13,90,2,None
2025-05-29,East,Fashion,New,3866,132,12822.48,97.14,2957,3.8,4.21,1.21,31,80,3,None
2025-05-30,South,Toys,Returning,2740,98,5665.38,57.81,2964,3.98,4.58,0.8,13,94,1,None
2025-05-31,North,Fashion,Returning,3542,140,14740.6,105.29,1102,3.71,4.75,1.74,7,78,3,None
2025-06-01,West,Sports,Returning,4158,93,13383.63,143.91,1458,2.33,3.01,2.71,34,79,3,None
2025-06-02,West,Food,Returning,3396,110,8969.4,81.54,1954,2.71,3.52,3.22,33,94,1,None
2025-06-03,South,Sports,New,1577,47,2660.67,56.61,1240,2.84,3.64,1.77,29,95,3,None
2025-06-04,North,Food,Returning,1634,58,7135.74,123.03,2022,3.93,4.44,2.41,16,90,2,None
2025-06-05,North,Electronics,New,3516,121,17696.25,146.25,2491,2.67,3.72,1.56,8,88,3,None
2025-06-06,South,Fashion,Returning,2587,67,7074.53,105.59,1323,2.38,2.82,2.3,32,75,2,None
2025-06-07,North,Toys,VIP,4093,146,8977.54,61.49,868,3.44,4.29,3.38,26,78,2,None
2025-06-08,South,Books,VIP,4152,212,33156.8,156.4,1408,4.27,5.33,0.96,22,75,1,None
2025-06-09,North,Fashion,Returning,4106,124,14944.48,120.52,2480,2.52,3.45,3.34,26,71,1,None
2025-06-10,West,Home,Returning,2722,73,9727.98,133.26,1552,3.02,3.69,1.99,30,82,1,None
2025-06-11,North,Food,Returning,1999,44,4393.4,99.85,647,2.37,3.2,1.81,28,75,1,None
2025-06-12,North,Toys,Returning,3773,96,6445.44,67.14,807,2.91,3.47,1.11,16,84,2,None
2025-06-13,North,Beauty,Returning,3466,103,8034.0,78.0,1092,2.79,3.48,1.22,13,84,1,None
2025-06-14,South,Fashion,Returning,2502,76,12856.16,169.16,2368,2.45,3.54,0.95,33,98,2,None
2025-06-15,West,Fashion,New,4291,187,17815.49,95.27,1325,4.38,5.48,3.3,8,81,2,None
2025-06-16,South,Electronics,Returning,2402,64,9963.52,155.68,1091,3.17,3.93,2.18,19,90,1,None
2025-06-17,East,Beauty,Returning,1366,42,2539.74,60.47,2175,3.46,3.96,1.29,29,76,2,None
2025-06-18,North,Home,VIP,4193,123,14702.19,119.53,2529,2.59,3.09,2.61,25,94,2,None
2025-06-19,South,Electronics,New,4201,201,32230.35,160.35,2628,4.22,4.98,1.74,14,83,3,None
2025-06-20,West,Home,New,4325,100,13683.0,136.83,2452,2.79,3.32,3.05,16,74,3,None
2025-06-21,North,Books,Returning,3025,85,11740.2,138.12,2612,2.98,3.55,3.04,34,72,1,None
2025-06-22,West,Electronics,Returning,1641,48,3237.12,67.44,2526,2.26,3.22,1.16,12,84,3,None
2025-06-23,South,Beauty,New,2225,46,5607.86,121.91,2774,2.24,3.29,2.79,13,96,1,None
2025-06-24,West,Sports,Returning,1621,61,8870.62,145.42,1936,3.78,4.21,1.13,20,97,1,None
2025-06-25,North,Home,New,1760,67,11556.83,172.49,2718,4.09,4.59,2.35,28,88,1,None
2025-06-26,North,Toys,Returning,3645,116,18164.44,156.59,2969,3.07,4.13,2.9,15,86,1,None
2025-06-27,West,Books,Returning,3498,92,11660.08,126.74,719,2.52,3.4,1.75,32,80,3,None
2025-06-28,East,Home,Returning,1483,53,9055.58,170.86,1828,3.31,3.72,1.18,17,83,1,None
2025-06-29,North,Electronics,New,3827,147,10485.51,71.33,1588,3.57,4.41,2.98,6,99,3,None
2025-06-30,North,Toys,New,1361,47,5146.5,109.5,1677,2.96,3.48,0.96,35,73,2,None
2025-07-01,East,Home,Returning,3386,110,7731.9,70.29,1107,3.33,4.35,3.27,23,84,1,None
2025-07-02,North,Fashion,Returning,3698,119,14739.34,123.86,2835,3.05,3.83,1.79,33,77,3,None
2025-07-03,West,Fashion,New,2566,88,14077.36,159.97,1407,3.4,4.48,1.87,34,76,3,None
2025-07-04,South,Books,Returning,3212,102,8716.92,85.46,1605,2.85,3.79,1.23,7,79,1,None
2025-07-05,North,Toys,Returning,2650,110,9472.1,86.11,947,4.38,5.25,3.32,18,86,1,None
2025-07-06,South,Fashion,Returning,3320,158,26485.54,167.63,889,4.23,5.33,1.53,25,93,3,None
2025-07-07,South,Toys,VIP,1217,37,5854.88,158.24,2181,3.49,4.24,3.4,23,94,3,None
2025-07-08,East,Home,Returning,3052,89,7270.41,81.69,2375,2.98,3.63,2.22,24,79,3,None
2025-07-09,West,Toys,Returning,1954,73,5983.08,81.96,2699,3.16,3.82,1.43,31,79,1,None
2025-07-10,South,Books,New,2946,98,11081.84,113.08,543,2.76,3.79,1.61,22,70,1,None
2025-07-11,West,Toys,Returning,2665,77,7267.26,94.38,666,2.97,4.03,2.63,21,89,3,None
2025-07-12,West,Beauty,VIP,2925,120,18396.0,153.3,2493,3.89,4.92,2.39,27,82,2,None
2025-07-13,South,Books,Returning,1507,47,5113.13,108.79,1772,2.44,3.47,2.66,31,86,1,None
2025-07-14,West,Beauty,Returning,3295,95,17013.55,179.09,1351,3.11,3.55,2.33,8,86,1,None
2025-07-15,North,Toys,New,1211,45,5934.6,131.88,1756,3.42,4.46,1.87,8,92,3,None
2025-07-16,South,Beauty,Returning,3466,140,7366.8,52.62,2822,4.17,4.93,1.19,11,78,3,None
2025-07-17,South,Home,New,1511,42,1546.02,36.81,1198,3.28,4.01,1.96,30,100,3,None
2025-07-18,East,Beauty,Returning,2649,61,3830.19,62.79,1628,2.79,3.26,3.24,23,75,1,None
2025-07-19,West,Electronics,New,2821,81,9728.91,120.11,2886,3.17,4.0,1.47,6,94,1,None
2025-07-20,South,Books,New,3065,83,7596.16,91.52,1743,2.75,3.77,3.44,7,83,3,None
2025-07-21,South,Toys,Returning,4115,118,9103.7,77.15,2484,2.39,2.91,1.82,5,70,1,None
2025-07-22,East,Home,Returning,2779,67,6108.39,91.17,1875,2.34,2.83,3.03,16,82,3,None
2025-07-23,West,Fashion,Returning,2984,63,4668.3,74.1,643,2.26,3.22,1.45,9,78,3,None
2025-07-24,South,Food,Returning,4456,145,11324.5,78.1,1483,2.98,3.89,1.82,35,75,2,None
2025-07-25,West,Sports,New,3054,137,12823.2,93.6,1036,4.4,5.22,1.99,16,100,3,None
2025-07-26,South,Beauty,VIP,1702,75,8798.25,117.31,2601,4.07,4.99,2.86,5,72,3,None
2025-07-27,East,Electronics,Returning,1552,55,8346.25,151.75,1225,2.91,3.77,1.09,22,94,1,None
2025-07-28,East,Sports,New,2474,75,7676.25,102.35,860,2.48,3.38,1.56,17,77,2,None
2025-07-29,South,Fashion,New,2701,65,10814.7,166.38,1939,2.26,3.15,2.05,32,98,2,None
2025-07-30,North,Beauty,Returning,2309,82,11870.32,144.76,2994,3.77,4.2,0.91,10,93,1,None
2025-07-31,South,Toys,Returning,3462,161,11580.73,71.93,1773,4.27,5.07,1.41,20,90,3,None
2025-08-01,West,Books,VIP,1658,74,2988.12,40.38,1672,4.13,4.94,2.68,12,98,1,None
2025-08-02,East,Sports,Returning,2615,97,4659.88,48.04,852,3.84,4.94,2.46,12,83,3,None
2025-08-03,West,Food,VIP,4032,177,11481.99,64.87,2560,4.03,4.87,2.02,6,93,3,None
2025-08-04,South,Food,Returning,1378,45,7862.4,174.72,2790,3.4,4.48,2.52,22,78,1,None
2025-08-05,South,Books,Returning,1579,38,2661.9,70.05,1324,2.5,3.38,2.11,20,90,2,None
2025-08-06,West,Beauty,VIP,2639,60,5794.2,96.57,1726,2.51,3.3,1.7,31,74,3,None
2025-08-07,South,Beauty,Returning,3088,64,10552.96,164.89,2163,2.45,3.05,1.77,11,96,1,None
2025-08-08,East,Sports,New,2465,57,2588.37,45.41,2335,2.55,3.26,2.34,14,100,1,None
2025-08-09,North,Food,VIP,4273,180,31271.4,173.73,2488,3.78,4.87,2.32,8,72,3,None
2025-08-10,West,Sports,Returning,2518,101,13099.7,129.7,534,3.62,4.46,3.33,25,81,1,None
2025-08-11,North,Beauty,Returning,1303,43,5757.7,133.9,2119,2.85,3.38,2.52,32,96,1,None
2025-08-12,North,Fashion,Returning,2538,117,18308.16,156.48,2053,4.02,4.64,1.8,22,75,3,None
2025-08-13,East,Sports,New,1639,84,8961.96,106.69,2821,4.23,5.33,1.89,6,95,3,None
2025-08-14,West,Beauty,VIP,3668,111,5328.0,48.0,2880,2.51,3.07,1.17,25,90,1,None
2025-08-15,North,Food,Returning,2094,76,3453.44,45.44,2025,4.05,5.05,2.92,18,70,1,None
2025-08-16,North,Toys,VIP,1456,56,5558.56,99.26,2296,4.3,4.82,2.76,17,70,3,None
2025-08-17,East,Sports,Returning,3422,131,22854.26,174.46,1825,3.14,3.91,2.49,9,86,2,None
2025-08-18,North,Electronics,Returning,2557,94,7369.6,78.4,2995,3.44,4.13,1.8,26,91,2,None
2025-08-19,East,Electronics,Returning,2111,55,6151.75,111.85,2332,2.52,3.33,2.3,35,92,1,None
2025-08-20,West,Toys,Returning,2130,75,4664.25,62.19,1239,3.41,3.89,3.13,13,100,1,None
2025-08-21,East,Food,New,3076,100,9416.0,94.16,1427,3.73,4.64,3.25,23,87,3,None
2025-08-22,North,Food,New,3260,149,7420.2,49.8,2755,4.04,5.1,2.49,35,86,3,None
2025-08-23,West,Beauty,VIP,1984,45,1847.25,41.05,2806,2.5,3.44,0.96,12,85,1,None
2025-08-24,South,Food,Returning,4097,167,14433.81,86.43,1055,3.57,4.58,2.32,34,83,1,None
2025-08-25,East,Books,Returning,4214,103,10907.7,105.9,547,2.47,3.13,2.79,35,96,2,None
2025-08-26,East,Home,Returning,2540,117,4456.53,38.09,2970,4.24,5.11,1.49,11,73,1,None
2025-08-27,West,Home,Returning,3199,94,14687.5,156.25,952,2.61,3.4,1.58,26,72,2,None
2025-08-28,East,Fashion,VIP,1256,34,2088.62,61.43,601,3.27,4.01,0.89,31,80,1,None
2025-08-29,West,Food,VIP,4038,171,13702.23,80.13,2337,4.12,4.95,1.0,15,82,1,None
2025-08-30,South,Electronics,New,2678,95,7923.0,83.4,2415,3.23,4.29,1.65,15,80,3,None
2025-08-31,North,Sports,Returning,3693,138,10074.0,73.0,685,3.8,4.3,1.84,7,90,1,None
2025-09-01,South,Electronics,VIP,4357,193,28948.07,149.99,890,3.9,4.74,2.51,16,97,1,None
2025-09-02,South,Beauty,Returning,2445,91,7597.59,83.49,1898,3.32,4.16,1.75,22,93,2,None
2025-09-03,East,Books,VIP,4405,163,5876.15,36.05,2472,4.17,5.14,3.49,9,86,2,None
2025-09-04,West,Toys,Returning,3529,132,15170.76,114.93,1738,3.49,3.99,2.74,13,99,1,None
2025-09-05,East,Home,VIP,3589,113,15771.41,139.57,827,2.87,3.52,2.06,29,88,1,None
2025-09-06,North,Food,Returning,1917,73,4866.18,66.66,1629,3.4,4.33,2.49,12,98,2,None
2025-09-07,West,Food,New,3669,113,4751.65,42.05,1657,3.63,4.17,2.78,35,97,3,None
2025-09-08,North,Books,Returning,1220,37,5315.05,143.65,1270,3.01,4.02,3.47,25,47,6,None
2025-09-09,West,Toys,Returning,4478,210,19517.4,92.94,1883,3.5,5.06,2.84,44,40,4,None
2025-09-10,West,Electronics,New,2497,45,2948.4,65.52,2810,1.72,3.15,4.56,35,60,4,None
2025-09-11,North,Books,Returning,2933,106,7673.34,72.39,1909,2.89,4.28,4.37,44,52,5,None
2025-09-12,West,Electronics,Returning,2466,64,6655.36,103.99,2750,2.83,4.08,4.03,33,63,5,None
2025-09-13,East,Beauty,VIP,2134,95,6894.15,72.57,2141,3.66,5.1,2.93,42,63,5,None
2025-09-14,East,Beauty,VIP,4221,128,10868.48,84.91,1163,2.37,3.87,3.79,52,46,3,None
2025-09-15,West,Food,New,4435,137,12264.24,89.52,608,3.21,4.26,4.34,37,37,5,None
2025-09-16,West,Sports,New,1285,37,3970.1,107.3,1574,2.13,3.38,3.48,38,59,5,None
2025-09-17,South,Food,VIP,4350,150,18523.5,123.49,1594,3.41,4.61,3.5,40,68,3,None
2025-09-18,West,Sports,Returning,4403,153,11956.95,78.15,1359,2.39,3.94,4.93,30,59,5,None
2025-09-19,North,Home,New,1238,29,2756.74,95.06,1046,1.93,3.45,2.86,30,60,6,None
2025-09-20,West,Books,VIP,1334,49,2460.29,50.21,2897,3.34,4.82,2.7,41,45,5,None
2025-09-21,North,Electronics,VIP,2496,52,5894.72,113.36,764,1.87,3.21,2.97,38,73,3,None
2025-09-22,North,Books,Returning,1516,62,3935.76,63.48,1931,3.21,4.4,3.08,33,43,3,None
2025-09-23,North,Toys,Returning,2685,92,16470.76,179.03,1594,3.11,4.57,4.07,42,35,6,None
2025-09-24,East,Toys,Returning,3411,101,17100.31,169.31,2216,2.45,3.72,3.71,29,57,3,None
2025-09-25,East,Toys,VIP,2012,81,9282.6,114.6,975,3.32,4.96,2.73,47,37,7,None
2025-09-26,East,Food,VIP,1203,51,8214.57,161.07,2439,3.48,4.84,4.2,37,61,7,None
2025-09-27,East,Home,Returning,3355,126,9201.78,73.03,1591,3.09,4.32,4.3,42,57,7,None
2025-09-28,West,Books,Returning,3152,65,3899.35,59.99,2837,1.74,3.27,3.58,31,47,4,None
2025-09-29,West,Beauty,Returning,3870,103,5140.73,49.91,677,2.4,4.0,3.76,38,51,6,None
2025-09-30,East,Fashion,Returning,1560,56,7483.28,133.63,1626,3.79,5.28,3.81,40,52,6,None
2025-10-01,East,Food,Returning,2173,82,6514.9,79.45,2018,3.36,4.54,4.1,25,53,4,None
2025-10-02,East,Books,Returning,2287,88,14826.24,168.48,2294,3.0,4.6,3.14,38,38,7,None
2025-10-03,West,Toys,Returning,4118,128,22508.8,175.85,1709,3.03,4.6,3.55,37,54,6,None
2025-10-04,East,Home,Returning,2549,76,7757.32,102.07,789,2.43,3.8,3.94,53,47,4,None
2025-10-05,West,Toys,Returning,3139,84,5379.36,64.04,1221,2.57,3.91,3.98,51,73,5,None
2025-10-06,North,Fashion,Returning,4350,97,15324.06,157.98,2087,1.86,3.01,2.81,51,69,4,None
2025-10-07,South,Food,New,3989,131,21147.33,161.43,1318,2.66,3.7,4.47,38,63,5,None
2025-10-08,South,Books,Returning,3322,82,13402.08,163.44,524,2.2,3.38,3.45,33,41,7,None
2025-10-09,North,Fashion,Returning,2757,74,10206.82,137.93,2286,2.17,3.31,2.74,42,61,6,None
2025-10-10,South,Books,VIP,2599,94,14512.66,154.39,1320,2.82,3.86,3.45,42,57,6,None
2025-10-11,North,Fashion,New,2998,91,3946.67,43.37,1694,2.06,3.74,4.25,37,37,5,None
2025-10-12,West,Home,New,1494,35,4650.45,132.87,2942,1.63,3.13,4.59,30,45,3,None
2025-10-13,East,Sports,Returning,1851,42,5482.68,130.54,1097,2.06,3.13,2.86,50,67,5,None
2025-10-14,East,Food,Returning,1834,41,4895.4,119.4,732,2.49,3.0,2.01,29,99,3,None
2025-10-15,East,Beauty,Returning,2256,74,6105.0,82.5,1828,2.53,3.49,3.45,17,87,1,None
2025-10-16,South,Fashion,New,3435,75,11634.75,155.13,883,2.53,3.06,1.7,17,76,2,None
2025-10-17,North,Sports,VIP,3347,125,6060.0,48.48,2655,3.28,3.69,2.91,33,72,2,None
2025-10-18,West,Fashion,VIP,3648,114,7745.16,67.94,2891,2.64,3.37,2.87,29,87,1,None
2025-10-19,East,Electronics,Returning,1612,66,6913.5,104.75,505,4.28,5.14,0.94,15,81,1,None
2025-10-20,East,Books,New,4426,188,22815.68,121.36,1721,3.79,4.51,2.82,8,95,1,None
2025-10-21,West,Electronics,New,3302,99,13910.49,140.51,2872,3.62,4.11,2.36,16,73,2,None
2025-10-22,South,Books,New,1568,55,3828.55,69.61,1858,4.12,4.86,1.2,8,70,3,None
2025-10-23,South,Food,Returning,3416,94,5984.98,63.67,981,2.74,3.54,0.91,13,80,2,None
2025-10-24,West,Sports,VIP,2182,97,13259.9,136.7,2690,4.16,4.57,3.35,20,86,1,None
2025-10-25,South,Sports,New,1901,76,12473.12,164.12,1129,4.4,5.1,2.49,8,96,2,None
2025-10-26,North,Sports,New,3638,117,14584.05,124.65,2601,4.01,4.46,1.71,8,92,1,None
2025-10-27,South,Fashion,Returning,4309,90,13441.5,149.35,2391,2.22,3.28,1.91,18,88,1,None
2025-10-28,South,Beauty,New,2610,133,19920.74,149.78,1074,4.23,5.11,2.71,7,76,1,None
2025-10-29,West,Electronics,Returning,4391,144,12673.44,88.01,1851,3.85,4.7,1.34,25,99,1,None
2025-10-30,West,Home,Returning,2630,108,8524.44,78.93,2887,3.68,4.6,1.16,31,75,2,None
2025-10-31,North,Food,Returning,4485,133,23187.22,174.34,2918,3.05,3.9,3.33,21,75,2,None
2025-11-01,North,Home,VIP,4425,127,21168.36,166.68,1532,2.73,3.54,2.32,33,94,1,None
2025-11-02,North,Toys,Returning,2817,96,12593.28,131.18,1903,3.09,3.55,2.56,31,96,2,None
2025-11-03,West,Fashion,New,3203,131,10956.84,83.64,2973,4.13,4.86,1.91,14,70,1,None
2025-11-04,South,Home,Returning,3108,74,8364.96,113.04,633,2.39,2.98,2.69,19,79,2,None
2025-11-05,South,Home,New,3768,105,17223.15,164.03,670,3.06,3.69,1.21,10,82,1,None
2025-11-06,West,Fashion,Returning,3275,115,11604.65,100.91,2984,3.06,3.47,3.1,8,76,1,None
2025-11-07,East,Books,Returning,3463,79,9912.92,125.48,2604,2.5,3.43,1.48,18,91,2,None
2025-11-08,West,Fashion,VIP,2682,81,10523.52,129.92,1750,3.59,4.25,2.21,26,91,3,None
2025-11-09,West,Books,Returning,1273,37,5205.16,140.68,733,2.46,3.12,1.64,21,98,3,None
2025-11-10,West,Electronics,VIP,3176,102,6137.34,60.17,1061,2.52,3.33,2.36,6,70,2,None
2025-11-11,East,Sports,Returning,3429,159,16930.32,106.48,605,4.35,5.2,2.97,26,83,3,None
2025-11-12,East,Fashion,Returning,3555,156,6854.64,43.94,2530,3.95,4.59,1.18,21,96,1,None
2025-11-13,East,Beauty,Returning,1419,51,8763.84,171.84,2905,3.91,4.56,2.67,13,79,2,None
2025-11-14,South,Books,VIP,2851,79,5101.82,64.58,944,3.0,3.62,2.94,20,91,2,None
2025-11-15,West,Toys,Returning,4389,138,19889.94,144.13,1789,2.81,3.58,2.59,32,71,1,None
2025-11-16,East,Toys,Returning,2820,92,14247.12,154.86,2668,4.07,4.55,2.01,5,95,2,None
2025-11-17,East,Books,Returning,2673,104,15821.52,152.13,1587,4.13,4.6,2.43,31,77,1,None
2025-11-18,North,Fashion,New,1922,61,6555.67,107.47,982,3.07,4.13,2.8,15,94,2,None
2025-11-19,East,Books,VIP,4117,128,17136.64,133.88,1087,3.35,4.22,3.23,9,87,3,None
2025-11-20,West,Home,Returning,5350,184,29197.12,158.68,2964,3.09,3.89,1.54,32,88,2,Black Friday
2025-11-21,South,Beauty,New,6088,307,27703.68,90.24,2977,4.18,5.21,2.81,31,86,1,Black Friday
2025-11-22,East,Beauty,Returning,5882,210,13839.0,65.9,3574,3.77,4.71,2.43,21,89,2,Black Friday
2025-11-23,South,Fashion,New,5768,214,14267.38,66.67,4330,2.99,3.88,0.99,31,98,1,Black Friday
2025-11-24,West,Beauty,Returning,5061,180,18925.2,105.14,2242,3.42,4.39,0.91,31,84,3,Black Friday
2025-11-25,East,Books,VIP,5173,192,26572.8,138.4,4328,3.42,4.39,1.56,30,77,1,Black Friday
2025-11-26,South,Beauty,New,5067,110,10074.9,91.59,3097,2.34,3.18,2.76,23,83,2,Black Friday
2025-11-27,West,Sports,Returning,3224,106,10339.24,97.54,3521,2.92,4.01,0.99,20,100,3,Black Friday
2025-11-28,West,Sports,Returning,3777,88,13000.24,147.73,2458,2.82,3.36,2.79,21,82,1,Black Friday
2025-11-29,South,Fashion,New,6094,248,23708.8,95.6,3213,4.22,5.13,2.74,7,93,1,Black Friday
2025-11-30,East,Books,Returning,5315,163,24718.95,151.65,3293,2.43,3.35,2.67,18,81,2,Black Friday
2025-12-01,West,Home,Returning,1830,58,8942.44,154.18,1990,3.27,3.73,1.71,15,94,2,None
2025-12-02,South,Home,Returning,2229,75,12905.25,172.07,2580,2.98,3.84,3.33,11,82,1,None
2025-12-03,West,Toys,New,2988,65,10101.0,155.4,1048,2.44,3.35,2.23,5,74,1,None
2025-12-04,North,Food,Returning,2035,82,10473.04,127.72,2846,4.09,4.73,2.31,19,87,1,None
2025-12-05,South,Electronics,New,2652,70,8393.0,119.9,2067,2.42,3.43,3.35,19,98,1,None
2025-12-06,West,Home,Returning,4145,124,12783.16,103.09,720,2.57,3.43,3.13,12,97,2,None
2025-12-07,West,Beauty,New,3239,121,18061.67,149.27,2953,3.74,4.7,3.2,5,82,1,None
2025-12-08,South,Electronics,New,2019,53,2194.73,41.41,503,2.31,2.88,3.31,12,71,2,None
2025-12-09,West,Fashion,New,3116,140,8205.4,58.61,574,3.87,4.89,1.06,9,85,1,None
2025-12-10,East,Home,Returning,2763,104,15580.24,149.81,509,3.42,4.39,2.16,24,72,1,None
2025-12-11,North,Electronics,Returning,3719,157,23969.19,152.67,1691,3.68,4.47,1.36,10,84,2,None
2025-12-12,West,Sports,New,3862,161,7829.43,48.63,1348,4.36,5.19,1.03,21,91,2,None
2025-12-13,South,Home,New,2322,55,2553.65,46.43,1739,2.53,3.35,3.44,29,79,2,None
2025-12-14,North,Home,Returning,4343,152,25517.76,167.88,2952,3.05,4.14,3.29,23,76,3,None
2025-12-15,North,Electronics,Returning,4135,101,17341.7,171.7,625,2.5,3.54,2.96,6,91,3,None
2025-12-16,West,Fashion,Returning,2234,63,8179.29,129.83,1730,2.26,2.93,1.24,10,97,2,None
2025-12-17,West,Books,Returning,2222,58,2044.5,35.25,553,2.25,2.81,3.19,34,83,3,None
2025-12-18,South,Books,Returning,3379,113,5951.71,52.67,1160,4.02,4.64,2.49,16,73,1,None
2025-12-19,West,Beauty,New,1418,51,3355.29,65.79,2705,4.25,5.01,2.9,25,77,2,None
2025-12-20,East,Electronics,Returning,2966,118,17015.6,144.2,984,3.54,4.37,1.25,35,100,1,None
2025-12-21,South,Books,Returning,1313,50,6507.0,130.14,875,3.61,4.44,2.57,28,92,1,None
2025-12-22,North,Toys,Returning,1461,34,5969.72,175.58,774,2.36,2.81,2.3,28,87,1,None
2025-12-23,East,Food,New,1609,60,9593.4,159.89,1544,3.1,3.98,2.0,28,79,2,None
2025-12-24,West,Books,Returning,2043,46,1675.32,36.42,625,2.43,2.98,1.75,15,82,1,None
2025-12-25,South,Home,VIP,1847,60,5432.4,90.54,2904,2.78,3.21,2.1,31,79,3,None
2025-12-26,North,Sports,New,2411,88,13134.88,149.26,560,4.26,4.91,2.26,10,78,1,None
2025-12-27,East,Books,Returning,3342,151,10189.48,67.48,956,4.2,4.72,2.85,34,97,1,None
2025-12-28,South,Sports,Returning,2696,83,5731.15,69.05,1486,2.78,3.19,1.07,17,90,2,None
2025-12-29,North,Food,Returning,1674,71,11852.03,166.93,950,3.77,4.24,1.12,20,84,3,None
2025-12-30,West,Food,New,1981,53,3564.25,67.25,778,3.18,3.75,1.71,6,78,2,None
2025-12-31,South,Toys,New,2968,86,6318.42,73.47,2649,3.35,4.11,1.65,8,71,1,None
2026-01-01,West,Beauty,New,3055,110,11531.3,104.83,1801,2.82,3.77,0.98,27,73,1,None
2026-01-02,South,Electronics,Returning,3308,119,14602.49,122.71,600,3.71,4.13,2.55,29,90,2,None
2026-01-03,East,Beauty,Returning,2518,98,16241.54,165.73,671,3.64,4.5,2.69,5,97,2,None
2026-01-04,North,Food,New,1347,63,5877.27,93.29,1668,4.05,4.66,1.65,11,84,1,None
2026-01-05,South,Electronics,Returning,3183,122,15259.76,125.08,1454,3.02,4.02,2.8,26,72,2,None
2026-01-06,South,Sports,Returning,2027,60,5085.6,84.76,1769,2.8,3.88,2.84,6,95,2,None
2026-01-07,North,Books,Returning,2176,95,5221.2,54.96,500,3.99,4.81,2.08,22,74,3,None
2026-01-08,South,Home,Returning,2904,103,7103.91,68.97,1110,4.4,4.89,1.67,29,99,1,None
2026-01-09,South,Home,Returning,3053,138,19078.5,138.25,2174,3.66,4.66,3.38,13,78,3,None
2026-01-10,North,Electronics,Returning,1626,41,4582.16,111.76,571,2.36,3.29,1.27,9,98,2,None
2026-01-11,East,Home,Returning,3246,131,15833.97,120.87,2672,3.96,4.99,3.4,11,88,3,None
2026-01-12,East,Toys,New,4034,114,16243.86,142.49,1547,3.11,4.18,1.5,31,90,1,None
2026-01-13,West,Sports,Returning,4475,124,21573.52,173.98,539,2.95,3.88,3.38,33,84,2,None
2026-01-14,South,Toys,New,2048,98,8830.78,90.11,2722,4.32,5.35,1.43,28,83,2,None
2026-01-15,West,Books,New,2111,53,2452.84,46.28,1380,2.45,3.21,3.19,24,98,2,None
2026-01-16,West,Books,Returning,2656,88,5133.92,58.34,1913,2.89,3.86,2.67,26,92,2,None
2026-01-17,East,Home,VIP,4340,178,15760.12,88.54,1696,3.61,4.45,2.7,35,96,3,None
2026-01-18,East,Fashion,New,1465,63,5971.14,94.78,2962,4.13,4.94,1.34,5,84,3,None
2026-01-19,East,Electronics,New,1219,36,6413.4,178.15,1209,2.75,3.27,1.27,33,72,3,None
2026-01-20,North,Electronics,New,1562,52,8415.68,161.84,1312,2.94,3.71,1.66,18,74,2,None
2026-01-21,East,Electronics,VIP,2281,59,8299.53,140.67,1165,2.34,2.78,3.43,9,78,1,None
2026-01-22,East,Food,New,3678,159,10853.34,68.26,2795,3.85,4.84,1.94,14,95,1,None
2026-01-23,North,Food,New,3601,100,13120.0,131.2,1123,3.19,3.92,3.0,24,76,3,None
2026-01-24,West,Beauty,New,3585,123,17224.92,140.04,1383,3.21,4.14,2.15,21,73,3,None
2026-01-25,North,Sports,Returning,2105,69,12282.69,178.01,2600,3.61,4.49,2.46,33,79,1,None
2026-01-26,East,Beauty,New,2126,98,9065.0,92.5,2396,4.02,4.92,3.39,30,94,2,None
2026-01-27,East,Electronics,Returning,2492,84,8563.8,101.95,865,2.92,3.49,1.27,25,79,1,None
2026-01-28,South,Books,New,3275,105,4741.8,45.16,2635,3.71,4.44,1.64,7,97,2,None
2026-01-29,West,Toys,Returning,2234,72,8105.04,112.57,2603,2.9,3.63,2.72,29,77,2,None
2026-01-30,East,Electronics,New,3066,72,7383.6,102.55,859,2.49,3.49,3.35,22,90,2,None
2026-01-31,North,Fashion,Returning,4274,117,4635.54,39.62,1895,2.39,3.07,1.05,35,83,3,None
2026-02-01,South,Home,Returning,2494,98,9480.52,96.74,1171,3.53,4.21,1.45,17,96,3,None
2026-02-02,East,Books,New,2194,68,7041.4,103.55,2376,2.4,3.46,3.34,28,87,1,None
2026-02-03,South,Fashion,Returning,2810,127,10684.51,84.13,1326,3.85,4.89,2.13,32,93,1,None
2026-02-04,South,Electronics,Returning,3121,97,12673.05,130.65,1108,2.91,3.43,2.81,15,97,3,None
2026-02-05,North,Electronics,VIP,3554,119,9648.52,81.08,1908,3.53,4.56,3.37,15,70,2,None
2026-02-06,East,Books,Returning,3730,111,14118.09,127.19,1945,2.82,3.88,0.83,26,82,2,None
2026-02-07,South,Electronics,VIP,4182,161,12804.33,79.53,1202,3.99,4.57,2.57,17,94,1,None
2026-02-08,South,Books,Returning,1424,70,11312.7,161.61,1914,4.07,5.09,1.18,35,98,1,None
2026-02-09,North,Food,VIP,3126,105,5476.8,52.16,2391,4.11,4.66,1.72,12,95,3,None
2026-02-10,North,Electronics,New,1489,43,7453.62,173.34,777,2.32,3.32,2.53,14,85,3,None
2026-02-11,East,Food,Returning,2612,102,4581.84,44.92,1776,3.46,3.93,2.39,31,93,2,None
2026-02-12,West,Toys,New,3926,137,17801.78,129.94,1430,3.0,3.65,3.39,27,76,1,None
2026-02-13,North,Food,Returning,2970,93,13300.86,143.02,596,3.14,3.6,2.21,31,92,1,None
2026-02-14,North,Sports,Returning,3673,167,7708.72,46.16,736,4.14,5.23,1.97,17,77,2,None
2026-02-15,West,Sports,Returning,2547,76,13202.72,173.72,2611,3.28,4.21,0.83,32,93,1,None
2026-02-16,South,Beauty,New,3859,158,26180.6,165.7,2758,4.11,4.76,3.29,11,98,1,None
2026-02-17,South,Food,VIP,3493,140,17164.0,122.6,1374,3.59,4.55,1.94,24,74,1,None
2026-02-18,South,Toys,New,3774,167,11584.79,69.37,2418,3.9,4.86,3.24,10,71,1,None
2026-02-19,East,Sports,Returning,1918,67,6836.68,102.04,1450,4.19,4.73,2.38,28,89,1,None
2026-02-20,South,Fashion,Returning,2938,144,16718.4,116.1,2592,4.28,4.99,1.03,7,71,2,None
2026-02-21,West,Beauty,Returning,1902,54,5101.38,94.47,1386,3.1,4.01,3.49,12,87,2,None
2026-02-22,West,Fashion,Returning,3800,90,9410.4,104.56,1395,2.51,3.32,1.14,14,84,1,None
2026-02-23,West,Food,Returning,2334,65,8884.85,136.69,2430,3.24,4.0,2.15,12,86,1,None
2026-02-24,North,Toys,New,4206,187,22069.74,118.02,2241,3.75,4.74,2.54,19,80,2,None
2026-02-25,North,Electronics,Returning,4183,166,9576.54,57.69,2452,3.59,4.63,1.88,18,81,3,None
2026-02-26,North,Beauty,Returning,3976,125,14378.75,115.03,2133,3.5,4.37,1.72,35,95,2,None
2026-02-27,South,Fashion,New,4478,205,17574.65,85.73,609,3.97,4.68,1.54,21,89,2,None
2026-02-28,East,Food,New,2242,78,6833.58,87.61,2085,3.44,4.44,0.85,30,89,3,None
2026-03-01,North,Fashion,VIP,2379,79,4447.7,56.3,2527,3.03,3.48,1.37,28,75,3,None
2026-03-02,South,Sports,New,2280,108,5182.92,47.99,999,4.2,4.67,1.19,22,93,3,None
2026-03-03,South,Toys,Returning,1363,36,1919.52,53.32,2535,3.05,3.52,3.16,29,97,3,None
2026-03-04,East,Electronics,New,1857,50,3061.5,61.23,1008,2.92,3.81,1.25,19,71,1,None
2026-03-05,East,Sports,Returning,2979,90,5435.1,60.39,1832,2.76,3.32,3.43,26,82,2,None
2026-03-06,South,Beauty,Returning,3764,157,18599.79,118.47,741,3.57,4.6,2.91,22,84,3,None
2026-03-07,West,Food,VIP,3661,123,6846.18,55.66,1880,3.32,3.82,0.93,30,91,2,None
2026-03-08,South,Toys,New,3846,135,8425.35,62.41,518,3.33,3.73,2.95,18,86,3,None
2026-03-09,West,Toys,Returning,3164,79,10372.7,131.3,2875,2.55,3.58,1.32,33,99,3,None
2026-03-10,North,Books,Returning,4302,121,20427.22,168.82,2793,2.94,3.74,2.27,35,78,3,None
2026-03-11,North,Food,VIP,4300,170,23329.1,137.23,690,3.87,4.67,3.25,23,74,2,None
2026-03-12,North,Home,Returning,1747,79,5704.59,72.21,921,4.13,4.95,1.98,33,82,2,None
2026-03-13,West,Books,New,3222,117,12591.54,107.62,1725,3.64,4.23,1.8,34,76,1,None
2026-03-14,West,Fashion,Returning,2501,89,6924.2,77.8,2143,3.24,3.72,2.82,9,91,3,None
2026-03-15,South,Books,Returning,2742,74,12069.4,163.1,1520,2.27,3.0,1.03,32,78,3,None
2026-03-16,South,Food,Returning,4143,140,20283.2,144.88,829,2.96,4.01,1.3,9,93,2,None
2026-03-17,South,Fashion,Returning,1870,67,5278.26,78.78,1413,2.75,3.79,1.4,34,85,1,None
2026-03-18,North,Toys,Returning,3016,125,16202.5,129.62,1369,4.21,5.17,2.64,28,73,2,None
2026-03-19,West,Sports,VIP,1857,74,7628.66,103.09,2632,3.42,4.1,1.25,9,91,1,None
2026-03-20,East,Books,New,3237,112,6199.2,55.35,2914,2.95,3.42,1.83,8,80,1,None
2026-03-21,East,Books,Returning,3442,108,12597.12,116.64,1229,2.9,3.62,3.38,19,80,1,None
2026-03-22,East,Food,VIP,3796,129,17791.68,137.92,1310,3.67,4.32,2.43,14,87,3,None
2026-03-23,North,Toys,New,3465,97,7427.29,76.57,790,3.32,3.8,3.06,26,76,3,None
2026-03-24,North,Sports,Returning,4121,178,6457.84,36.28,507,4.34,4.8,1.56,33,78,1,None
2026-03-25,West,Books,VIP,3614,74,4849.22,65.53,2682,2.23,2.77,1.28,31,96,1,None
2026-03-26,North,Fashion,Returning,4229,131,20358.71,155.41,2611,3.68,4.35,3.48,5,100,2,None
2026-03-27,West,Home,Returning,2307,86,10782.68,125.38,2606,3.0,3.86,3.37,6,74,2,None
2026-03-28,West,Beauty,Returning,2696,98,5552.68,56.66,2757,4.22,4.88,2.27,10,74,2,None
2026-03-29,North,Beauty,Returning,3522,99,9532.71,96.29,2852,3.29,4.01,2.83,28,73,3,None
2026-03-30,South,Electronics,New,2663,120,8068.8,67.24,1489,4.04,4.85,1.96,20,94,1,None
2026-03-31,North,Food,VIP,2178,49,6324.92,129.08,654,2.64,3.22,2.89,29,89,1,None
2026-04-01,West,Fashion,New,4390,98,10727.08,109.46,2330,2.54,3.15,1.68,34,77,3,None
2026-04-02,South,Electronics,Returning,4210,140,19972.4,142.66,1141,3.94,4.54,0.91,6,96,3,None
2026-04-03,South,Toys,New,3942,152,19907.44,130.97,1358,3.65,4.11,3.24,5,83,2,None
2026-04-04,North,Sports,Returning,3396,96,12942.72,134.82,1678,2.75,3.61,1.69,6,81,2,None
2026-04-05,West,Home,New,1488,72,5160.96,71.68,732,4.38,5.42,1.07,21,87,1,None
2026-04-06,North,Food,Returning,3034,119,15553.3,130.7,1695,3.99,4.72,1.18,20,72,3,None
2026-04-07,North,Beauty,Returning,4147,132,15779.28,119.54,685,3.94,4.39,2.96,12,95,3,None
2026-04-08,East,Books,New,2702,61,8557.69,140.29,2165,2.56,3.27,1.29,9,92,2,None
2026-04-09,South,Beauty,Returning,2267,52,8414.64,161.82,979,2.4,2.95,1.21,32,73,2,None
2026-04-10,East,Food,VIP,3838,106,11556.12,109.02,2817,2.88,3.42,2.76,9,87,1,None
2026-04-11,South,Fashion,Returning,1727,52,7626.32,146.66,2563,3.15,3.97,0.92,14,70,2,None
2026-04-12,West,Books,Returning,2219,85,8922.45,104.97,2592,3.4,4.01,3.04,6,87,2,None
2026-04-13,South,Food,VIP,4105,92,13684.08,148.74,1754,2.39,3.04,2.57,31,84,2,None
2026-04-14,East,Books,Returning,2317,78,12550.98,160.91,2746,2.99,3.41,3.4,21,71,2,None
2026-04-15,East,Sports,Returning,3134,139,5736.53,41.27,944,3.82,4.56,1.8,13,93,3,None
2026-04-16,South,Books,Returning,2999,89,3898.2,43.8,1681,2.89,3.97,1.3,10,83,1,None
2026-04-17,South,Books,New,1908,46,3421.48,74.38,720,2.62,3.56,1.81,8,83,2,None
2026-04-18,West,Fashion,VIP,2805,106,14155.24,133.54,2097,3.92,4.84,1.11,15,75,2,None
2026-04-19,South,Sports,New,3962,103,10644.02,103.34,2845,2.85,3.39,3.11,34,89,1,None
2026-04-20,East,Home,New,2532,60,5722.8,95.38,2613,2.4,3.12,1.44,19,90,3,None
2026-04-21,East,Electronics,VIP,1675,58,2349.0,40.5,1859,3.64,4.34,1.7,12,82,1,None
2026-04-22,East,Fashion,Returning,4124,88,10725.44,121.88,2462,2.32,2.99,1.42,24,84,1,None
2026-04-23,West,Toys,New,1628,63,8537.13,135.51,1564,3.17,4.27,1.05,19,94,3,None
2026-04-24,North,Home,VIP,1952,62,10996.32,177.36,2011,3.1,3.82,3.28,16,70,2,None
2026-04-25,South,Home,Returning,3222,147,17976.63,122.29,966,4.09,4.64,3.17,16,81,2,None
2026-04-26,East,Fashion,Returning,3731,114,17958.42,157.53,2012,3.01,4.1,2.53,9,96,1,None
2026-04-27,East,Beauty,Returning,2678,70,5072.2,72.46,1410,2.56,3.42,2.59,19,82,1,None
2026-04-28,South,Food,New,2735,67,7647.38,114.14,738,2.68,3.75,2.64,26,70,2,None
2026-04-29,South,Beauty,New,1914,66,5314.98,80.53,1262,3.3,4.19,2.88,26,78,3,None
2026-04-30,South,Food,Returning,1655,52,6128.72,117.86,1051,2.86,3.4,3.43,30,78,2,None
2026-05-01,South,Food,Returning,2509,90,4539.6,50.44,2821,3.29,4.07,1.24,6,74,2,None
2026-05-02,North,Beauty,Returning,1487,41,5528.03,134.83,1225,2.25,3.08,1.42,7,98,3,None
2026-05-03,South,Beauty,New,3798,103,5409.56,52.52,1887,2.49,3.15,3.26,5,89,1,None
2026-05-04,South,Fashion,Returning,2431,108,3866.4,35.8,857,4.38,5.09,2.95,13,97,1,None
2026-05-05,North,Fashion,New,1574,57,8491.86,148.98,2761,3.52,4.54,1.83,22,85,3,None
2026-05-06,West,Sports,VIP,2102,87,5871.63,67.49,1651,4.3,5.06,1.16,14,78,3,None
2026-05-07,South,Food,VIP,2708,97,13352.05,137.65,2390,3.3,3.72,2.83,28,86,2,None
2026-05-08,West,Sports,New,3232,112,19303.2,172.35,2163,3.88,4.58,1.3,21,75,3,None
2026-05-09,South,Books,Returning,1586,65,5250.7,80.78,1580,3.6,4.34,1.82,23,78,2,None
2026-05-10,North,Fashion,Returning,1764,59,9445.9,160.1,2761,3.44,4.47,2.69,10,87,3,None
2026-05-11,West,Food,Returning,3958,91,14619.15,160.65,2289,2.54,3.06,3.22,15,76,1,None
2026-05-12,West,Fashion,New,1949,53,8286.02,156.34,2865,2.55,3.36,1.32,25,96,1,None
2026-05-13,North,Sports,Returning,4343,159,10827.9,68.1,2834,3.16,4.16,3.46,25,73,3,None
2026-05-14,South,Books,Returning,3165,129,5636.01,43.69,767,3.72,4.23,2.29,28,90,1,None
2026-05-15,North,Sports,New,1544,42,3732.54,88.87,1547,2.78,3.31,0.8,34,78,1,None
